"2002-01-02",0.51151006667709
"2002-01-03",1.01514980516093
"2002-01-04",0.0936927797341447
"2002-01-07",-0.972454989199445
"2002-01-08",-0.334635002734451
"2002-01-09",-0.783170232174601
"2002-01-10",0.0949462761758113
"2002-01-11",-1.19471596783205
"2002-01-14",-0.367325933399609
"2002-01-15",0.427220668102013
"2002-01-16",-1.02059657658842
"2002-01-17",0.342270727750282
"2002-01-18",0.0265404522281187
"2002-01-22",-1.32745312086957
"2002-01-23",0.425381711979966
"2002-01-24",-0.0968352555972274
"2002-01-25",0.370566861319155
"2002-01-28",-0.36926365152512
"2002-01-29",-3.13863138206703
"2002-01-30",1.12639172444648
"2002-01-31",0.922646715510211
"2002-02-01",-0.487481576933391
"2002-02-04",-2.17311648843168
"2002-02-05",-0.0457393778271253
"2002-02-06",-0.778927191431134
"2002-02-07",-0.414460643947479
"2002-02-08",1.09760545811142
"2002-02-11",1.38070144449118
"2002-02-12",0.18918072395957
"2002-02-13",0.706274448097322
"2002-02-14",-0.498843008438499
"2002-02-15",-1.21458075742131
"2002-02-19",-1.2975328238694
"2002-02-20",1.20351562081495
"2002-02-21",-1.26271235798336
"2002-02-22",0.936904070173217
"2002-02-25",1.65442457252603
"2002-02-26",-0.206342871400533
"2002-02-27",-0.44730795641863
"2002-02-28",-0.618641861860159
"2002-03-01",1.7036791837973
"2002-03-04",1.54799160331196
"2002-03-05",-0.238523867884943
"2002-03-06",1.39645403503721
"2002-03-07",-0.992139510159795
"2002-03-08",-0.443611032895141
"2002-03-11",0.384369467456303
"2002-03-12",0.909487178576729
"2002-03-13",-0.61025587987249
"2002-03-14",-0.0862217677143562
"2002-03-15",0.695849206124066
"2002-03-18",-0.299209455967819
"2002-03-19",0
"2002-03-20",-1.00000833345835
"2002-03-21",0.303174904140846
"2002-03-22",-0.329546738273567
"2002-03-25",-1.48773199932304
"2002-03-26",0.439175058097874
"2002-03-27",0.585794024870445
"2002-03-28",-0.017395842437562
"2002-04-01",0.49753517725355
"2002-04-02",-0.0877346959242686
"2002-04-03",-1.04075732158186
"2002-04-04",0.390521486813089
"2002-04-05",-0.567377408590808
"2002-04-08",1.39213385186086
"2002-04-09",-0.967735168137374
"2002-04-10",1.09077479299398
"2002-04-11",-2.05639789977496
"2002-04-12",0.269905696916517
"2002-04-15",-0.918015627205282
"2002-04-16",1.17376414272643
"2002-04-17",-0.362111236925422
"2002-04-18",-0.0886132091657998
"2002-04-19",-0.371648954455495
"2002-04-22",-1.10913480486055
"2002-04-23",-0.614219255564308
"2002-04-24",-0.863445491633286
"2002-04-25",0.320293112984693
"2002-04-26",-1.78117084980167
"2002-04-29",-1.00596973524647
"2002-04-30",0.827565279096554
"2002-05-01",0.727946084811393
"2002-05-02",-0.330518112125056
"2002-05-03",-0.877806514330626
"2002-05-06",-1.93215539919489
"2002-05-07",-0.927071250517741
"2002-05-08",1.90517183864349
"2002-05-09",-1.0347468525425
"2002-05-10",-1.93436858882787
"2002-05-13",1.56099818742579
"2002-05-14",0.263768400688225
"2002-05-15",0.0456516784919536
"2002-05-16",0.673219427658012
"2002-05-17",0.333679346443727
"2002-05-20",-0.953122996294731
"2002-05-21",-1.50929002678382
"2002-05-22",0.65314615155474
"2002-05-23",0.710450205668955
"2002-05-24",-1.08731483758175
"2002-05-28",-1.11506477195098
"2002-05-29",-0.372093452569011
"2002-05-30",0.477685542808448
"2002-05-31",-0.204822713818675
"2002-06-03",-2.5174036867659
"2002-06-04",0.450904970804444
"2002-06-05",0.522690664947945
"2002-06-06",-1.95371086798684
"2002-06-07",1.27675824310387
"2002-06-10",0.319257273055928
"2002-06-11",-2.32975010068781
"2002-06-12",0.989185872973586
"2002-06-13",-0.834770376582838
"2002-06-14",1.05232778909992
"2002-06-17",2.17336584036278
"2002-06-18",0.451989037026035
"2002-06-19",-0.912539096227416
"2002-06-20",-1.11074027397819
"2002-06-21",-1.10276806770626
"2002-06-24",0.7311264132559
"2002-06-25",-2.50164346903228
"2002-06-26",2.42448676184228
"2002-06-27",0.798024337132475
"2002-06-28",-0.151171608532152
"2002-07-01",-2.22118148465302
"2002-07-02",-1.85595985237565
"2002-07-03",1.03997995991394
"2002-07-08",-1.01523714640175
"2002-07-09",-2.194250734484
"2002-07-10",-3.98247477057589
"2002-07-11",1.62341227618832
"2002-07-12",-0.9157079876287
"2002-07-15",0.610489195739561
"2002-07-16",-0.858941521382661
"2002-07-17",-1.6678862684409
"2002-07-18",-2.64923558123247
"2002-07-19",-2.50522860107862
"2002-07-22",-2.40396191861469
"2002-07-23",-3.14444968216465
"2002-07-24",8.18840114820185
"2002-07-25",0.0594707124277782
"2002-07-26",0.938974034983886
"2002-07-29",3.07993322841122
"2002-07-30",1.37672875047476
"2002-07-31",0.95620885741754
"2002-08-01",-2.63326930511019
"2002-08-02",-1.98682032167259
"2002-08-05",-3.22077674573347
"2002-08-06",1.35652532802526
"2002-08-07",0.090816216935341
"2002-08-08",2.82022815360632
"2002-08-09",1.37933221323356
"2002-08-12",0.829880281469553
"2002-08-13",-1.68728512622272
"2002-08-14",3.81818419664359
"2002-08-15",0.526062730183341
"2002-08-16",0.62372500303729
"2002-08-19",2.15835716671746
"2002-08-20",-0.529101763441542
"2002-08-21",0.367744044588747
"2002-08-22",1.30040844232067
"2002-08-23",-1.5121573446744
"2002-08-26",0.399621943116202
"2002-08-27",-2.05324401837048
"2002-08-28",-1.17578615763438
"2002-08-29",1.17725362252674
"2002-08-30",0.587788782768595
"2002-09-03",-2.46373043853856
"2002-09-04",1.32303757427508
"2002-09-05",0.147083807700987
"2002-09-06",-0.211216797995117
"2002-09-09",1.72159525006128
"2002-09-10",0.361189031640219
"2002-09-12",-1.66763175351274
"2002-09-13",1.03336873732758
"2002-09-16",0.435974085001778
"2002-09-17",-3.47540424209534
"2002-09-18",0.607625830521918
"2002-09-19",-1.21738598175867
"2002-09-20",-0.318340185127663
"2002-09-23",-0.358423322781487
"2002-09-24",-0.437371612053905
"2002-09-25",0.871283186801541
"2002-09-26",0.772566174316314
"2002-09-27",-2.34996201738724
"2002-09-30",-0.0612557446412865
"2002-10-01",3.17790450257576
"2002-10-02",-1.86988119457947
"2002-10-03",-1.35529664047036
"2002-10-04",-2.86889848483449
"2002-10-07",-1.58553717897947
"2002-10-08",0.262647890340606
"2002-10-09",-1.07102898088254
"2002-10-10",3.66202535118747
"2002-10-11",1.68374392636101
"2002-10-14",1.38212613595883
"2002-10-15",1.26418174693805
"2002-10-16",-1.19706770148831
"2002-10-17",-1.02599693639025
"2002-10-18",1.14507231543586
"2002-10-21",2.53490468465731
"2002-10-22",0.403633242246126
"2002-10-23",1.46740241550809
"2002-10-24",-2.62491038226704
"2002-10-25",1.95716327079776
"2002-10-28",-2.04755091957303
"2002-10-29",-0.563064550682846
"2002-10-30",0.841708577468214
"2002-10-31",-0.885110254337906
"2002-11-01",2.27891899939294
"2002-11-04",-0.873844992565864
"2002-11-05",1.07116555949283
"2002-11-06",0.237606764774156
"2002-11-07",-1.77305728374897
"2002-11-08",-0.610265416856315
"2002-11-11",-1.7117535072293
"2002-11-12",0.225733730165079
"2002-11-13",0.451978170561951
"2002-11-14",0.795496405792928
"2002-11-15",1.38799320164011
"2002-11-18",-1.66597452411752
"2002-11-19",0.188606035828531
"2002-11-20",2.13312101274736
"2002-11-21",1.3507924085153
"2002-11-22",0.170995018687314
"2002-11-25",0.469985911042325
"2002-11-26",-1.49143583733382
"2002-11-27",1.82902579898734
"2002-12-02",-1.72172195958398
"2002-12-03",-0.656587042093193
"2002-12-04",0.554439643923921
"2002-12-05",-1.67449818830292
"2002-12-06",1.83753863677385
"2002-12-09",-1.47199824585842
"2002-12-10",1.05002346338665
"2002-12-11",0.84900449328309
"2002-12-12",-0.582515248315829
"2002-12-13",-0.445931619676543
"2002-12-16",2.22795142391359
"2002-12-17",-0.444579343089835
"2002-12-18",-0.777522521922958
"2002-12-19",-0.470378289164231
"2002-12-20",0.72686928916248
"2002-12-23",0.446080811077731
"2002-12-26",-0.693903176000443
"2002-12-27",-1.46103737153069
"2002-12-30",0.432260939244689
"2002-12-31",0.260993055952685
"2003-01-02",2.51180131251063
"2003-01-03",0.197802262295177
"2003-01-06",2.02881924842506
"2003-01-07",-0.30204985208151
"2003-01-08",-1.11245557772524
"2003-01-09",1.30961339222564
"2003-01-10",1.1354542102926
"2003-01-13",-0.686550647794704
"2003-01-14",0.816594201383047
"2003-01-15",-1.52970773452559
"2003-01-16",-0.764832455520814
"2003-01-17",-0.622505797594108
"2003-01-21",-2.04565221216759
"2003-01-22",-0.825749842196721
"2003-01-23",0.371141403364206
"2003-01-24",-2.55581219570979
"2003-01-27",-0.819868729296314
"2003-01-28",0.547372239558364
"2003-01-29",1.57995851641495
"2003-01-30",-2.34317417316623
"2003-01-31",1.95346291822149
"2003-02-03",0.139211159373254
"2003-02-04",-0.211218102463739
"2003-02-05",-1.27943525906868
"2003-02-06",-0.213573882796325
"2003-02-07",-1.93834477045582
"2003-02-10",0.501613377111632
"2003-02-11",-1.41998686895732
"2003-02-12",-1.18487663574305
"2003-02-13",-0.121743380023354
"2003-02-14",1.82851239050459
"2003-02-18",1.2115657229562
"2003-02-19",-0.446376871802467
"2003-02-20",-1.37036993870012
"2003-02-21",1.13128710636614
"2003-02-24",-1.49468974844105
"2003-02-25",1.62624652981309
"2003-02-26",-0.99277174454393
"2003-02-27",0.559958572805552
"2003-02-28",0.165602119700381
"2003-03-03",-1.5603153431619
"2003-03-04",-1.46426043909216
"2003-03-05",1.03553002403816
"2003-03-06",-0.108728491532961
"2003-03-07",2.04793585661118
"2003-03-10",-1.78140386712125
"2003-03-11",-1.12298335689269
"2003-03-12",0.755936433256998
"2003-03-13",1.92777054259023
"2003-03-14",-0.29753071636538
"2003-03-17",3.94695347080409
"2003-03-18",0.114757873507543
"2003-03-19",0.775816783475314
"2003-03-20",0.923346542982539
"2003-03-21",1.08654107301511
"2003-03-24",-1.66050193738263
"2003-03-25",1.03152777118325
"2003-03-26",-0.411994173972818
"2003-03-27",0.772293620086106
"2003-03-28",0.127116212875755
"2003-03-31",-0.434451455378415
"2003-04-01",0.956945101615059
"2003-04-02",0.932142704793204
"2003-04-03",-1.09810352308495
"2003-04-04",-0.272016488706672
"2003-04-07",-2.31350466702933
"2003-04-08",-0.215407373127618
"2003-04-09",-1.7350052842799
"2003-04-10",0.423996509826452
"2003-04-11",-1.16900370399557
"2003-04-14",1.61110814078613
"2003-04-15",0.650737177960803
"2003-04-16",-1.8748795051434
"2003-04-17",1.43855031896161
"2003-04-21",-0.390255275916562
"2003-04-22",2.63581150668157
"2003-04-23",0.652956939560667
"2003-04-24",-0.109313522035315
"2003-04-25",-1.23471968794595
"2003-04-28",1.56878868736063
"2003-04-29",-0.00542843959632222
"2003-04-30",-0.0435303086643302
"2003-05-01",0
"2003-05-02",1.93613749033661
"2003-05-05",-0.56864055376602
"2003-05-06",0.749067172915741
"2003-05-07",-0.064281124990373
"2003-05-08",-0.194742028439521
"2003-05-09",0.911290144566124
"2003-05-12",1.5076195945225
"2003-05-13",0.158621087559663
"2003-05-14",-0.770737067743443
"2003-05-15",0.231579050862685
"2003-05-16",-0.0210837023762345
"2003-05-19",-1.79972720514989
"2003-05-20",-0.410234840684964
"2003-05-21",0.713979666503661
"2003-05-22",0.814581138725323
"2003-05-23",0.234942440406005
"2003-05-27",2.48246267409122
"2003-05-28",-0.0417405828871509
"2003-05-29",-0.575044712843731
"2003-05-30",1.06830866151242
"2003-06-02",-0.40055514963715
"2003-06-03",0.544065397899995
"2003-06-04",1.45290846361759
"2003-06-05",0.979162923297405
"2003-06-06",-1.21225749447484
"2003-06-09",-0.680585693717894
"2003-06-10",0.5771875676575
"2003-06-11",1.23340746374891
"2003-06-12",-0.258372398527928
"2003-06-13",-1.14001234644068
"2003-06-16",1.67654341076044
"2003-06-17",-0.382822553420858
"2003-06-18",0.216834305340008
"2003-06-19",-1.57733541559564
"2003-06-20",-0.639554493346228
"2003-06-23",-1.12207394105379
"2003-06-24",0.482638679151748
"2003-06-25",-0.743497848751762
"2003-06-26",1.12880641314002
"2003-06-27",-0.915570993914638
"2003-06-30",-0.551303080864951
"2003-07-01",1.29745907537808
"2003-07-02",0.86694091367292
"2003-07-07",1.06792771013309
"2003-07-08",0.585464336668284
"2003-07-09",-0.337569820162731
"2003-07-10",-0.633008895930676
"2003-07-11",0.711604105318564
"2003-07-14",-0.643089033029032
"2003-07-15",-0.991284881741628
"2003-07-16",-1.05705012958772
"2003-07-17",-0.647578909821789
"2003-07-18",0.548857089201249
"2003-07-21",-1.22415409011492
"2003-07-22",0.444894565973097
"2003-07-23",0.0201572264339589
"2003-07-24",-1.38127920770001
"2003-07-25",1.61934642407946
"2003-07-28",-0.32932518162907
"2003-07-29",-0.852520082336028
"2003-07-30",-0.543424905803747
"2003-07-31",-0.601746876437126
"2003-08-01",-0.830048292363372
"2003-08-04",0.406050705096384
"2003-08-05",-1.62855035712619
"2003-08-06",0.433481946199699
"2003-08-07",0.728021672312362
"2003-08-08",-0.0814000858947672
"2003-08-11",0.294820525648909
"2003-08-12",0.842396971277726
"2003-08-13",-0.94625227894527
"2003-08-14",0.432966492202969
"2003-08-15",0.165900045591272
"2003-08-18",0.578728416295071
"2003-08-19",0.16877641137194
"2003-08-20",0.199203253124036
"2003-08-21",-0.148551649006645
"2003-08-22",-1.97515229509237
"2003-08-25",0.070150827149007
"2003-08-26",0.690866327360684
"2003-08-27",0.199700515693646
"2003-08-28",0.447250161628432
"2003-08-29",0.742687970892497
"2003-09-02",1.14499464926006
"2003-09-03",0.155159069141853
"2003-09-04",0.319566436679786
"2003-09-05",-0.223724620333954
"2003-09-08",0.715531964072991
"2003-09-09",-0.436237422942476
"2003-09-10",-0.881062968215485
"2003-09-11",0.156586448123353
"2003-09-12",0.606596126719161
"2003-09-15",-0.390930912258725
"2003-09-16",1.26337929186819
"2003-09-17",-0.261210422792502
"2003-09-18",1.13473666856558
"2003-09-19",-0.336457899714482
"2003-09-22",-0.389674141405738
"2003-09-23",0.447210545067023
"2003-09-24",-1.86994532812461
"2003-09-25",-0.81188564776582
"2003-09-26",-0.424014802335471
"2003-09-29",0.576771686438704
"2003-09-30",-0.599043324943604
"2003-10-01",1.7601561906968
"2003-10-02",0.421053253634351
"2003-10-03",-0.396269788351766
"2003-10-06",0.221997099038163
"2003-10-07",0.90629235829498
"2003-10-08",-0.576869208623698
"2003-10-09",-0.688866099518481
"2003-10-10",-0.0527615907867762
"2003-10-13",0.13356231712649
"2003-10-14",0.504498714125834
"2003-10-15",-0.777771159698748
"2003-10-16",0.60952569661632
"2003-10-17",-1.1351292772269
"2003-10-20",0.324985948427603
"2003-10-21",0.143013801369207
"2003-10-22",-0.597764988591987
"2003-10-23",0.822731253553588
"2003-10-24",0.426977844221277
"2003-10-27",-0.28960344596527
"2003-10-28",1.02378543354398
"2003-10-29",0.466600856075949
"2003-10-30",-0.644857616341987
"2003-10-31",-0.0568990058025243
"2003-11-03",0.537559647860242
"2003-11-04",-0.160581907647472
"2003-11-05",0.142092573521424
"2003-11-06",0.585238596945548
"2003-11-07",-0.781364295438358
"2003-11-10",-0.540464976518962
"2003-11-11",0
"2003-11-12",1.0489111050938
"2003-11-13",0.329613708981302
"2003-11-14",-0.764334931256805
"2003-11-17",-0.0476712599008167
"2003-11-18",-1.29095744573098
"2003-11-19",0.765993787475505
"2003-11-20",-0.096200103619104
"2003-11-21",-0.172811102914316
"2003-11-24",0.978955686794425
"2003-11-25",0.302257715713505
"2003-11-26",0.0376081237979164
"2003-12-01",0.671581667875731
"2003-12-02",-0.093187966859265
"2003-12-03",-0.428465633135122
"2003-12-04",0.446803312419775
"2003-12-05",-0.299121554118997
"2003-12-08",0.718789559133803
"2003-12-09",-1.19337608694741
"2003-12-10",-0.234400744893382
"2003-12-11",1.05337725355232
"2003-12-12",0.148079619839603
"2003-12-15",-1.50448174377029
"2003-12-16",0.463264054686352
"2003-12-17",0.249526491467833
"2003-12-18",0.962647818961493
"2003-12-19",-0.238160779421559
"2003-12-22",0.604785129392926
"2003-12-23",0.319241389385017
"2003-12-29",0.94915966815714
"2003-12-30",0.0719877651892631
"2003-12-31",-0.0359712234094367
"2004-01-02",-0.664454271866877
"2004-01-05",0.589077033705454
"2004-01-06",0.400338597941463
"2004-01-07",0.47944689195738
"2004-01-08",0.0617910599172156
"2004-01-09",-0.284015456737485
"2004-01-12",0.478639453049468
"2004-01-13",-0.549744246730555
"2004-01-14",0.477750178804914
"2004-01-15",-0.0220162480799146
"2004-01-16",0.175223454680218
"2004-01-20",-0.19239183896822
"2004-01-21",0.829083598855895
"2004-01-22",-0.321977391678541
"2004-01-23",-0.557978779843804
"2004-01-26",1.19876348666628
"2004-01-27",-0.919825992446111
"2004-01-28",-1.51604358320014
"2004-01-29",0.149588659158262
"2004-01-30",0
"2004-02-02",0.123055302510622
"2004-02-03",0.1756852173596
"2004-02-04",-0.132608426805625
"2004-02-05",0.114815645203059
"2004-02-06",1.0873484894355
"2004-02-09",-0.288197221438757
"2004-02-10",0.514812881702298
"2004-02-11",1.15988489816612
"2004-02-12",-0.241754564300045
"2004-02-13",-0.606219921853146
"2004-02-17",0.250010906551879
"2004-02-18",-0.474445574036331
"2004-02-19",-0.984548932276397
"2004-02-20",-0.416522643148376
"2004-02-23",-0.583193540473204
"2004-02-24",0.157397723995345
"2004-02-25",0.383643333915806
"2004-02-26",0.322173642768231
"2004-02-27",-0.0868583395178923
"2004-03-01",0.595985352960859
"2004-03-02",-0.44062449793687
"2004-03-03",0.398337901148871
"2004-03-04",0.323645825907271
"2004-03-05",0.750942202213167
"2004-03-08",-0.932649247409501
"2004-03-09",-0.383008824760012
"2004-03-10",-1.51950576301552
"2004-03-11",-0.96541377330901
"2004-03-12",0.828697101555154
"2004-03-15",-1.06560220320899
"2004-03-16",-0.0447407282305967
"2004-03-17",0.746073271492786
"2004-03-18",0.186178519135893
"2004-03-19",-1.00143898444038
"2004-03-22",-0.726351477428722
"2004-03-23",-0.545703946305842
"2004-03-24",-0.219118137519825
"2004-03-25",0.931332741088386
"2004-03-26",0.189095549569984
"2004-03-29",0.767449777809315
"2004-03-30",0.55037866406451
"2004-03-31",-0.106260525361979
"2004-04-01",0.414846792929691
"2004-04-02",-0.331530577609751
"2004-04-05",0.757216725689158
"2004-04-06",0.217476489524948
"2004-04-07",-0.40536178422812
"2004-04-08",-1.01019756579994
"2004-04-12",0.244072645571869
"2004-04-13",-1.70645138427972
"2004-04-14",0.496015188790544
"2004-04-15",-0.229438858152253
"2004-04-16",0.264154419691742
"2004-04-19",0.303396956924562
"2004-04-20",-1.71118185049028
"2004-04-21",0.542199452823233
"2004-04-22",1.72752401195551
"2004-04-23",-0.0174809894685879
"2004-04-26",-0.507837533062894
"2004-04-27",0.0262639528758157
"2004-04-28",-1.15689902503791
"2004-04-29",-0.792700655032785
"2004-04-30",-0.895662055601232
"2004-05-03",0.697926956120831
"2004-05-04",0.102402003561153
"2004-05-05",0.151117856217464
"2004-05-06",-0.160814829618605
"2004-05-07",-0.821563777812706
"2004-05-10",-0.301962987371951
"2004-05-11",0.501208503557216
"2004-05-12",0.682223958641348
"2004-05-13",0.354690927077694
"2004-05-14",0.0636450446542369
"2004-05-17",-0.0367410677413638
"2004-05-18",0.182498453790902
"2004-05-19",-0.991322746910939
"2004-05-20",0.0548045318796042
"2004-05-21",-0.0363801732070179
"2004-05-24",-0.380814677277463
"2004-05-25",1.80769905451461
"2004-05-26",0.393279019589965
"2004-05-27",0.159829549208101
"2004-05-28",-0.0266134399441675
"2004-06-01",0.168746431978306
"2004-06-02",0.0795931945622996
"2004-06-03",-0.479915602946157
"2004-06-04",-0.106241709860466
"2004-06-07",1.06099465200966
"2004-06-08",0.410069064793728
"2004-06-09",-0.648272090741298
"2004-06-10",0.227730675629356
"2004-06-14",-0.572613113726828
"2004-06-15",0.00877616394436842
"2004-06-16",-0.0175423208940373
"2004-06-17",0.0175685172623119
"2004-06-18",0.414115751069399
"2004-06-21",-0.387563243858402
"2004-06-22",0.572865445390747
"2004-06-23",0.9504900624278
"2004-06-24",-0.113552005912165
"2004-06-25",-0.218808892166145
"2004-06-28",-0.736199644106961
"2004-06-29",0.386813669120212
"2004-06-30",0.332575135876922
"2004-07-01",-0.958291214042362
"2004-07-02",-0.327477391389142
"2004-07-06",-0.347702396393768
"2004-07-07",0.303625880694103
"2004-07-08",-0.546963928067967
"2004-07-09",-0.062681891463523
"2004-07-12",0.241816427002028
"2004-07-13",0
"2004-07-14",0.22446698538241
"2004-07-15",-0.646321819021178
"2004-07-16",-0.936521928222511
"2004-07-19",-0.244156200323253
"2004-07-20",0.685490192126537
"2004-07-21",-1.84120724767558
"2004-07-22",0.556038076346344
"2004-07-23",-0.640617181241154
"2004-07-26",-0.321057011092929
"2004-07-27",0.758236857943473
"2004-07-28",0.428110140583726
"2004-07-29",0.00904608983383071
"2004-07-30",0.321274513315828
"2004-08-02",0.81337999267701
"2004-08-03",-0.478967071731695
"2004-08-04",0.3452038311754
"2004-08-05",-1.60895691384706
"2004-08-06",-0.746063331841018
"2004-08-09",0.018689842125319
"2004-08-10",0.96439916594715
"2004-08-11",0.389285874874457
"2004-08-12",-0.745854660318646
"2004-08-13",-0.0280151283524432
"2004-08-16",1.28902420051098
"2004-08-17",0
"2004-08-18",1.41807417271096
"2004-08-19",-0.173175999165132
"2004-08-20",0.763501254803867
"2004-08-23",-0.317101058464075
"2004-08-24",-0.389405065305226
"2004-08-25",0.713482367387375
"2004-08-26",0.180099103160192
"2004-08-27",0.233540032490875
"2004-08-30",-0.586141720510724
"2004-08-31",0.369819570906493
"2004-09-01",0.323945212653154
"2004-09-02",1.12591663899453
"2004-09-03",-0.222806562472577
"2004-09-07",0.199667287632366
"2004-09-08",-0.240032119513423
"2004-09-09",-0.0710921561978495
"2004-09-10",0.496366911694235
"2004-09-13",0.0176538088551226
"2004-09-14",0.282037909502009
"2004-09-15",-0.521963409142856
"2004-09-16",0.221287985853014
"2004-09-17",0.115008638323744
"2004-09-20",-0.15540708675772
"2004-09-21",0.469131198971162
"2004-09-22",-0.767449777809315
"2004-09-23",-0.404040953700502
"2004-09-24",0.13482542152925
"2004-09-27",-0.387789636889035
"2004-09-28",0.386882483554096
"2004-09-29",0.54740568334477
"2004-09-30",0.170182315246148
"2004-10-01",1.07199254699619
"2004-10-04",-0.201798708534184
"2004-10-05",-0.0175685172623119
"2004-10-06",0.683254234787967
"2004-10-07",-0.87812295910128
"2004-10-08",-0.505029204366636
"2004-10-11",0.0709094161957857
"2004-10-12",0.293685967330948
"2004-10-13",-1.18397252546405
"2004-10-14",-0.863392358632531
"2004-10-15",0.144014426330763
"2004-10-18",0.799249910434874
"2004-10-19",-1.1627776972424
"2004-10-20",0.280378241831336
"2004-10-21",0.225397922591331
"2004-10-22",-1.11247925245532
"2004-10-25",0.0819634853043816
"2004-10-26",1.17351048821108
"2004-10-27",1.44426153110064
"2004-10-28",0.362944673193866
"2004-10-29",0.220740895778171
"2004-11-01",-0.0616604291723277
"2004-11-02",-0.140869894751816
"2004-11-03",-0.200200267067352
"2004-11-04",1.49546807422754
"2004-11-05",0.0683410243580873
"2004-11-08",0
"2004-11-09",-0.0683527025929109
"2004-11-10",-0.102572878469243
"2004-11-11",0.68886609951857
"2004-11-12",0.818811817403731
"2004-11-15",0.143357110186138
"2004-11-16",-0.499725767855175
"2004-11-17",0.0422350810856287
"2004-11-18",0.134918647669036
"2004-11-19",-1.16098079591636
"2004-11-22",0.67615234958085
"2004-11-23",0.042389047305047
"2004-11-24",0.22803100966664
"2004-11-29",-0.557151534101941
"2004-11-30",-0.237570110039265
"2004-12-01",1.10256556060078
"2004-12-02",0.251593557739227
"2004-12-03",0.108909657646539
"2004-12-06",0.108991836402605
"2004-12-07",-1.18703250095002
"2004-12-08",0.363099406739131
"2004-12-09",0.985478600861978
"2004-12-10",0.218414065322659
"2004-12-13",0.449888286926026
"2004-12-14",0.518662601272002
"2004-12-15",0.248282838790725
"2004-12-16",-0.0248519240810374
"2004-12-17",-0.0334896185313127
"2004-12-20",-0.384937713817468
"2004-12-21",0.666669135818854
"2004-12-22",0.447576379163284
"2004-12-23",0.0992309682020576
"2004-12-27",-0.662089648610298
"2004-12-28",0.504362555794646
"2004-12-29",0.17328881672718
"2004-12-30",-0.131882643579573
"2004-12-31",-0.206330284068912
"2005-01-03",-1.24163502248953
"2005-01-04",-1.43815187730461
"2005-01-05",-0.362762451220622
"2005-01-06",0.227704083205182
"2005-01-07",-0.345219894065796
"2005-01-10",0.505732702989992
"2005-01-11",-0.287041142630429
"2005-01-12",0.354161766596572
"2005-01-13",-0.770243767405443
"2005-01-14",0.389237248918128
"2005-01-18",1.25417240917907
"2005-01-19",-0.857869012174906
"2005-01-20",-0.297303255724657
"2005-01-21",-0.852665466103364
"2005-01-24",-0.539638981415003
"2005-01-25",-0.0256662532957641
"2005-01-26",0.0766903876367131
"2005-01-27",0.238663597773137
"2005-01-28",-0.323955952543464
"2005-01-31",0.0932163958859533
"2005-02-01",0.539630314562078
"2005-02-02",0.243278505959488
"2005-02-03",-0.00839947923720885
"2005-02-04",1.08633139848235
"2005-02-07",0.00831704579011827
"2005-02-08",0.133056152686351
"2005-02-09",-0.94281287424467
"2005-02-10",0.14196837325402
"2005-02-11",0.840166319631486
"2005-02-14",0.0828294588893996
"2005-02-15",0.314049844892317
"2005-02-16",0.206500713532876
"2005-02-17",-0.786720963816379
"2005-02-18",0.141366286899736
"2005-02-22",-1.07329556228875
"2005-02-23",0.302140389312999
"2005-02-24",0.843393584297214
"2005-02-25",0.918690508518427
"2005-02-28",-0.521330155878452
"2005-03-01",0.429610707024963
"2005-03-02",0.41308717036026
"2005-03-03",-0.263374637840741
"2005-03-04",0.429316820091064
"2005-03-07",0.114090143579126
"2005-03-08",-0.334926588463258
"2005-03-09",-0.777861726442985
"2005-03-10",-0.0165002887925425
"2005-03-11",-0.75290969162527
"2005-03-14",0.339305990280803
"2005-03-15",-1.03482027790802
"2005-03-16",-0.410265573155044
"2005-03-17",0.0670185163729187
"2005-03-18",-0.269020759136129
"2005-03-21",-0.396675204702746
"2005-03-22",-1.05308828840194
"2005-03-23",0.0940130832886688
"2005-03-24",-0.285586605304644
"2005-03-28",-0.0425948807394327
"2005-03-29",-0.616545881804687
"2005-03-30",1.14082626699545
"2005-03-31",-0.199021894576923
"2005-04-01",-1.17882889929009
"2005-04-04",0.204307553829164
"2005-04-05",0.228939770153236
"2005-04-06",-0.0506713970811923
"2005-04-07",0.593473551981472
"2005-04-08",-0.876533214228559
"2005-04-11",-0.0930350640117261
"2005-04-12",0.70988213261689
"2005-04-13",-0.957837371757186
"2005-04-14",-1.04444062182285
"2005-04-15",-1.28686238077211
"2005-04-18",0.393443130483462
"2005-04-19",0.191005440949521
"2005-04-20",-1.3961832381769
"2005-04-21",1.06600654137878
"2005-04-22",-0.398234445442647
"2005-04-25",0.336018926423343
"2005-04-26",-0.657441814405768
"2005-04-27",0.711376297430455
"2005-04-28",-0.766354007533909
"2005-04-29",0.545952220489898
"2005-05-02",0.240943236776925
"2005-05-03",0.154958708693442
"2005-05-04",0.828038364685835
"2005-05-05",-0.238257430612165
"2005-05-06",-0.620935095896602
"2005-05-09",0.688690389393365
"2005-05-10",-0.589619311251166
"2005-05-11",0.247725749204353
"2005-05-12",-1.04542511676851
"2005-05-13",-0.595060183738827
"2005-05-16",0.941962705902011
"2005-05-17",0.991376378639952
"2005-05-18",0.616425848890501
"2005-05-19",0.302038991259845
"2005-05-20",-0.142575610179652
"2005-05-23",0.37680597231331
"2005-05-24",0.154769654218345
"2005-05-25",-0.033517680890327
"2005-05-26",0.216829373585092
"2005-05-27",0.0998917922070852
"2005-05-31",-0.534358790077327
"2005-06-01",0.866527668333283
"2005-06-02",0.398406901487469
"2005-06-03",-0.50725650325365
"2005-06-06",0.124973980023402
"2005-06-07",-0.257850007699822
"2005-06-08",-0.482771039199559
"2005-06-09",0.63275542064325
"2005-06-10",-0.290734100207768
"2005-06-13",0.316271591139738
"2005-06-14",0.314986997833611
"2005-06-15",-0.0660611089259966
"2005-06-16",0.313324794590475
"2005-06-17",0.0411268769934026
"2005-06-20",0.346277862708533
"2005-06-21",-0.156513891664645
"2005-06-22",-0.255070694099935
"2005-06-23",-1.11862623969268
"2005-06-24",-0.652831243910335
"2005-06-27",0.0420115117719
"2005-06-28",0.634445737791456
"2005-06-29",-0.366209314801402
"2005-06-30",-0.952945437586283
"2005-07-01",0.0334784067406169
"2005-07-05",1.01777803566234
"2005-07-06",-0.750316150315467
"2005-07-07",1.24340004017691
"2005-07-08",1.04487226423311
"2005-07-11",0.558890252346078
"2005-07-12",0.253983996268303
"2005-07-13",0.0572339658320153
"2005-07-14",-0.20350855654101
"2005-07-15",-0.0162892979672868
"2005-07-18",-0.269685122385965
"2005-07-19",0.236050738396099
"2005-07-20",0.759749322521319
"2005-07-21",-0.682263855088738
"2005-07-22",0.446592435647553
"2005-07-25",-0.41401203756557
"2005-07-26",0.0324543613396955
"2005-07-27",0.234542547568672
"2005-07-28",0.418511677257083
"2005-07-29",-0.669438318897964
"2005-08-01",-0.234447740679844
"2005-08-02",0.499396929965457
"2005-08-03",0.313416899785413
"2005-08-04",-0.459882209516316
"2005-08-05",-0.544207979183842
"2005-08-08",-0.610775953046971
"2005-08-09",0.243526380601278
"2005-08-10",-0.566894942222795
"2005-08-11",0.582384562832239
"2005-08-12",-0.275504590436704
"2005-08-15",0.356506616449614
"2005-08-16",-1.07510401882278
"2005-08-17",0.0736226463783574
"2005-08-18",0.0409584277689667
"2005-08-19",-0.293997761783515
"2005-08-22",-0.0816126708157228
"2005-08-23",-0.376155484822505
"2005-08-24",-0.592155690343787
"2005-08-25",0.156475222373587
"2005-08-26",-0.544780546695289
"2005-08-29",0.966829825967785
"2005-08-30",-0.0577486300749719
"2005-08-31",0.981184873542063
"2005-09-01",0.0408079989339782
"2005-09-02",-0.571523436800625
"2005-09-06",0.872446542693162
"2005-09-07",0.298784895430604
"2005-09-08",-0.056622852877819
"2005-09-09",0.523540320307347
"2005-09-12",-0.0160720026061156
"2005-09-13",-0.46834710932373
"2005-09-14",-0.46975060059129
"2005-09-15",-0.239132751507487
"2005-09-16",0.332024437505751
"2005-09-19",-0.426076486085503
"2005-09-20",-0.904983551991823
"2005-09-21",-0.758141249796651
"2005-09-22",0.412541839214509
"2005-09-23",0.255343823099974
"2005-09-26",-0.468154113628927
"2005-09-27",-0.0329218109969887
"2005-09-28",-0.188857468786807
"2005-09-29",1.01482170545903
"2005-09-30",0.179269930670767
"2005-10-03",-0.244260013969555
"2005-10-04",-1.1549458764712
"2005-10-05",-1.37818702776507
"2005-10-06",-0.544093754269781
"2005-10-07",-0.0250637037111368
"2005-10-10",-0.780041698971967
"2005-10-11",-0.370495540006743
"2005-10-12",-0.465648726916967
"2005-10-13",0.24658828021531
"2005-10-14",0.565712658283246
"2005-10-17",0.243892303731297
"2005-10-18",-0.886792686966054
"2005-10-19",1.75383922110308
"2005-10-20",-1.49637136319027
"2005-10-21",-0.211604463400317
"2005-10-24",1.33352083038627
"2005-10-25",0.012527926853334
"2005-10-26",-0.234564906074919
"2005-10-27",-1.0371525154981
"2005-10-28",1.24204349298385
"2005-10-31",0.3444201176384
"2005-11-01",-0.207598164654677
"2005-11-02",1.21594616145204
"2005-11-03",-0.00818632066277303
"2005-11-04",-0.22902022115483
"2005-11-07",0.0408446682964581
"2005-11-08",0.098352601977858
"2005-11-09",0.147335706443297
"2005-11-10",0.814071574892772
"2005-11-11",0.251002115505727
"2005-11-14",-0.0646621425698157
"2005-11-15",-0.348559506628643
"2005-11-16",0.0769745009343126
"2005-11-17",0.63635479955062
"2005-11-18",0.0559753722983558
"2005-11-21",0.486231080311317
"2005-11-22",0.635124396013165
"2005-11-23",0.509650867094713
"2005-11-28",-0.868266564543863
"2005-11-29",-0.443143876254926
"2005-11-30",-0.652141646363624
"2005-12-01",0.695875020643211
"2005-12-02",0.0709695255115328
"2005-12-05",-0.0236863922784103
"2005-12-06",-0.236443994139623
"2005-12-07",-0.513936691605821
"2005-12-08",-0.142709926702
"2005-12-09",0.190053905797427
"2005-12-12",-0.181681790960031
"2005-12-13",0.599418152518982
"2005-12-14",0.439285300073511
"2005-12-15",-0.242785097915554
"2005-12-16",-0.523881060299214
"2005-12-19",-0.760279262051178
"2005-12-20",-0.0635828983430287
"2005-12-21",-0.039636926278952
"2005-12-22",0.276734709123883
"2005-12-23",-0.0552115800593
"2005-12-27",-1.12512081431557
"2005-12-28",-0.0875343230205772
"2005-12-29",-0.326654475217314
"2005-12-30",-0.184479699402029
"2006-01-03",1.30201902858023
"2006-01-04",0.346320692461788
"2006-01-05",0.0471698121953246
"2006-01-06",0.319700845423032
"2006-01-09",0.388591458133547
"2006-01-10",0.380893616082734
"2006-01-11",0.255447752794247
"2006-01-12",-0.380331890141328
"2006-01-13",0.10883085651292
"2006-01-17",0.0389909156107038
"2006-01-18",0.15662936869596
"2006-01-19",0.218340698094277
"2006-01-20",-1.69022537258527
"2006-01-23",0.0871183676847131
"2006-01-24",-0.0315905862680488
"2006-01-25",-0.44968716069409
"2006-01-26",0.102084896375843
"2006-01-27",0.507912793409737
"2006-01-30",0.0778331297075496
"2006-01-31",-0.312158830037834
"2006-02-01",0.312402628333341
"2006-02-02",-0.783641656176481
"2006-02-03",-0.150191720261006
"2006-02-06",0.0869599643715802
"2006-02-07",-0.650899265816207
"2006-02-08",0.586140291977433
"2006-02-09",-0.3156817395495
"2006-02-10",0.300087092446866
"2006-02-13",-0.0790388912472295
"2006-02-14",0.975694261628579
"2006-02-15",0.375293638296448
"2006-02-16",0.582729592739106
"2006-02-17",-0.162809664989894
"2006-02-21",-0.473474707628085
"2006-02-22",0.511232716865351
"2006-02-23",-0.201331955881123
"2006-02-24",0.0696675338779151
"2006-02-27",0.227733380291628
"2006-02-28",-0.738068067091202
"2006-03-01",0.620157026328183
"2006-03-02",0.255705071333168
"2006-03-03",0.240636638533243
"2006-03-06",-0.757918003240032
"2006-03-07",-0.0390976272720778
"2006-03-08",0.367374470323867
"2006-03-09",-0.590064430633497
"2006-03-10",0.632246573948692
"2006-03-13",-0.0232855979628965
"2006-03-14",1.08952899438641
"2006-03-15",0.490572806629253
"2006-03-16",0.030536682426785
"2006-03-17",-0.0765520974382206
"2006-03-20",-0.180059429933443
"2006-03-21",-0.584751993218813
"2006-03-22",0.700245252921761
"2006-03-23",-0.115247218011127
"2006-03-24",0.10762608664967
"2006-03-27",0.0384452736271967
"2006-03-28",-0.555599855039901
"2006-03-29",0.616287290705841
"2006-03-30",-0.0999807812568143
"2006-03-31",-0.41615349824804
"2006-04-03",-0.29257797279989
"2006-04-04",0.599402394021009
"2006-04-05",0.347773266266227
"2006-04-06",-0.0152858453369653
"2006-04-07",-1.20525007113716
"2006-04-10",-0.0848405434408228
"2006-04-11",-0.928368109748678
"2006-04-12",0.0543457177305307
"2006-04-13",0.20974954281483
"2006-04-17",-0.233154687108694
"2006-04-18",1.36706212792514
"2006-04-19",0.21396920894583
"2006-04-20",0.122072190332556
"2006-04-21",-0.487026303201787
"2006-04-24",-0.068767911019485
"2006-04-25",-0.620097680777754
"2006-04-26",0.0651153905991464
"2006-04-27",0.850808029608885
"2006-04-28",0.267247133441284
"2006-05-01",-0.683169651322579
"2006-05-02",0.297267645257904
"2006-05-03",-0.22128123179801
"2006-05-04",0.17533833346679
"2006-05-05",0.506177184705248
"2006-05-08",0.0226338225720824
"2006-05-09",0.0830282721206999
"2006-05-10",-0.00755258487572519
"2006-05-11",-1.32170552985649
"2006-05-12",-0.931887062643977
"2006-05-15",0.642392209499132
"2006-05-16",-0.308737509825185
"2006-05-17",-1.16457605995519
"2006-05-18",-0.796063317263052
"2006-05-19",0.0787960012402777
"2006-05-22",0.221484032955299
"2006-05-23",-1.04332277404735
"2006-05-24",0.313797401542359
"2006-05-25",0.565727917252623
"2006-05-26",0.22628857535727
"2006-05-30",-1.32931520532358
"2006-05-31",0.567198621620157
"2006-06-01",1.11628339970489
"2006-06-02",-0.0851492097737605
"2006-06-05",-1.5016706398403
"2006-06-06",-0.378072283990605
"2006-06-07",-0.799023277177202
"2006-06-08",0.429082899089739
"2006-06-09",-0.66698675091077
"2006-06-12",-1.5047506591169
"2006-06-13",-0.843818394251361
"2006-06-14",0.527748555710872
"2006-06-15",1.68071183163816
"2006-06-16",-0.143907923780162
"2006-06-19",-1.26797301077346
"2006-06-20",-0.104885240967967
"2006-06-21",0.92329346031903
"2006-06-22",-0.392927813989008
"2006-06-23",0.0402074710896372
"2006-06-26",0.384677505936093
"2006-06-27",-0.916110553636251
"2006-06-28",0.329622037402455
"2006-06-29",1.60028765637792
"2006-06-30",-0.381177394430665
"2006-07-05",-0.196610499416217
"2006-07-06",0.133558569564673
"2006-07-07",-0.516328522290355
"2006-07-10",-0.149812762102197
"2006-07-11",0.527788849736943
"2006-07-12",-0.987486793529513
"2006-07-13",-1.03320770157369
"2006-07-14",-0.423720897870972
"2006-07-17",-0.0566962312194441
"2006-07-18",-0.0646673694833844
"2006-07-19",1.44715697650319
"2006-07-20",-0.92401485854845
"2006-07-21",-0.842532566722198
"2006-07-24",1.35687292060682
"2006-07-25",0.774952478647606
"2006-07-26",0.228824023780039
"2006-07-27",-0.741094530296493
"2006-07-28",0.65136585017358
"2006-07-31",-0.023495320623379
"2006-08-01",-0.133579558620411
"2006-08-02",0.258307059204643
"2006-08-03",0.614639709767406
"2006-08-04",-0.754485747616318
"2006-08-07",-0.101701553847189
"2006-08-08",-0.618469893260531
"2006-08-09",-1.11768060890389
"2006-08-10",0.590994982835902
"2006-08-11",-0.251948798736468
"2006-08-14",-0.455474322842608
"2006-08-15",0.400942556224404
"2006-08-16",0.316492602755059
"2006-08-17",0.323599943377051
"2006-08-18",0.214855822370907
"2006-08-21",-0.0461024250356878
"2006-08-22",0.153798861445242
"2006-08-23",-0.469683250352126
"2006-08-24",-0.1115964174077
"2006-08-25",0.138728345948635
"2006-08-28",0.630431856590885
"2006-08-29",0.206698638185454
"2006-08-30",-0.0993845882805822
"2006-08-31",-0.107050017869348
"2006-09-01",0.243679681957065
"2006-09-05",0.144371439536251
"2006-09-06",-0.5352922470518
"2006-09-07",-0.184700683568373
"2006-09-08",0.161296551733159
"2006-09-11",0.391961459434675
"2006-09-12",0.816144265519192
"2006-09-13",0.450988959111864
"2006-09-14",0.0606014714403358
"2006-09-15",-0.371029842974657
"2006-09-18",0.174367960482691
"2006-09-19",-0.284236448539854
"2006-09-20",0.120909861325647
"2006-09-21",-0.696181396737927
"2006-09-22",-0.205268631774214
"2006-09-25",0.605466165085122
"2006-09-26",0.774294415317822
"2006-09-27",0.0973308952665342
"2006-09-28",0.0261657790484371
"2006-09-29",-0.261868392511033
"2006-10-02",-0.352575287407131
"2006-10-03",0.397913359595226
"2006-10-04",1.28273814918929
"2006-10-05",0.28864320821036
"2006-10-06",0.0518537735238134
"2006-10-09",0.155595926623686
"2006-10-10",0.170086933221203
"2006-10-11",0.111181125487558
"2006-10-12",0.599895069571765
"2006-10-13",0.289669283122684
"2006-10-16",0.267003322428483
"2006-10-17",0
"2006-10-18",-0.350851905846117
"2006-10-19",0.241678685139401
"2006-10-20",0.0365403592329727
"2006-10-23",0.816807341709858
"2006-10-24",0.345335591019502
"2006-10-25",0.333406121701785
"2006-10-26",0.136922155935437
"2006-10-27",-0.491827984042015
"2006-10-30",0.159698059492097
"2006-10-31",-0.210259276301095
"2006-11-01",-0.952284301758421
"2006-11-02",0.22686533203462
"2006-11-03",-0.481999034379932
"2006-11-06",0.814431494168577
"2006-11-07",0.162663376971395
"2006-11-08",0.534799279995024
"2006-11-09",-0.660401887727602
"2006-11-10",0.0940631739699604
"2006-11-13",0.361193775617341
"2006-11-14",0.416487748384053
"2006-11-15",0.286184641200116
"2006-11-16",-0.156762181169334
"2006-11-17",0.331781756698302
"2006-11-20",0.0641322571594216
"2006-11-21",0.0640364318015507
"2006-11-22",0.120708645323742
"2006-11-27",-1.27700996445839
"2006-11-28",0.591418961512602
"2006-11-29",0.621852545353985
"2006-11-30",0.0106801473961582
"2006-12-01",-0.32433424136542
"2006-12-04",0.674502894471019
"2006-12-05",0.239892868873426
"2006-12-06",-0.0705168917169985
"2006-12-07",-0.572015259777992
"2006-12-08",0.198216120399142
"2006-12-11",0.240130068067579
"2006-12-12",-0.0282406101848487
"2006-12-13",-0.281610999964155
"2006-12-14",0.78641045647645
"2006-12-15",-0.171902724364514
"2006-12-18",-0.414807077010249
"2006-12-19",0.528523833450656
"2006-12-20",-0.161738370759501
"2006-12-21",-0.457924643944718
"2006-12-22",-0.559313292132124
"2006-12-26",0.517089871841847
"2006-12-27",0.513236265630113
"2006-12-28",-0.140558038462046
"2006-12-29",-0.43022953127041
"2007-01-03",-0.57092666094114
"2007-01-04",0.293343439601923
"2007-01-05",-0.421874240874498
"2007-01-08",0.241151971608211
"2007-01-09",-0.134546633617383
"2007-01-10",0.588716811879841
"2007-01-11",0.500300518581298
"2007-01-12",0.596346524740277
"2007-01-16",-0.0139821029311094
"2007-01-17",0.104950158312533
"2007-01-18",-0.504167442831882
"2007-01-19",0.266218456234224
"2007-01-22",-0.606434248323939
"2007-01-23",0.336842423755179
"2007-01-24",0.651831438070261
"2007-01-25",-1.0343232891751
"2007-01-26",-0.280938518814544
"2007-01-29",-0.147788478287403
"2007-01-30",0.280583797996758
"2007-01-31",0.841411964201111
"2007-02-01",0.29093952359398
"2007-02-02",0.0345411215481484
"2007-02-05",0
"2007-02-06",-0.13114755978112
"2007-02-07",-0.0551419920231666
"2007-02-08",0.0621353881014031
"2007-02-09",-0.816726577548454
"2007-02-12",-0.36191576252298
"2007-02-13",0.516832867962158
"2007-02-14",0.564662015397843
"2007-02-15",0.10977702646171
"2007-02-16",0.17173282599483
"2007-02-20",0.377138994003356
"2007-02-21",0.192109836099075
"2007-02-22",-0.164439913724568
"2007-02-23",-0.281680650676286
"2007-02-26",-0.45354668181341
"2007-02-27",-2.70515227409582
"2007-02-28",0.355442188393429
"2007-03-01",0.857270573738678
"2007-03-02",-0.766946381993616
"2007-03-05",-0.174152863114685
"2007-03-06",0.746700769816044
"2007-03-07",-0.179089556802836
"2007-03-08",-0.00711465263005806
"2007-03-09",-0.482407291946618
"2007-03-12",0.426379270179211
"2007-03-13",-1.50151892435533
"2007-03-14",0.511620644006872
"2007-03-15",0.373241891813336
"2007-03-16",-0.590354486350719
"2007-03-19",0.544063193282174
"2007-03-20",0.619241097604739
"2007-03-21",1.54703880003106
"2007-03-22",-0.115068792444628
"2007-03-23",0.146448647116504
"2007-03-26",0.0557335948661475
"2007-03-27",-0.300836271242488
"2007-03-28",-0.493340911795581
"2007-03-29",-0.288053032280366
"2007-03-30",-0.168942740450007
"2007-04-02",0.091398044819968
"2007-04-03",0.47449673842257
"2007-04-04",0.0626108754670618
"2007-04-05",0.423655875527462
"2007-04-09",-0.124558870162872
"2007-04-10",0.318185230748913
"2007-04-11",-0.679002123736527
"2007-04-12",0.689789386471062
"2007-04-13",0.261942660286429
"2007-04-16",0.621905301879444
"2007-04-17",0.0680133332346067
"2007-04-18",0.38126407840231
"2007-04-19",0.333867376526165
"2007-04-20",0.168548834778282
"2007-04-23",-0.175379471596759
"2007-04-24",-0.141762605170292
"2007-04-25",0.489621689763808
"2007-04-26",-0.0702681931508131
"2007-04-27",0.234545257463648
"2007-04-30",-0.953411277293892
"2007-05-01",0.0538466729036458
"2007-05-02",0.482380675429539
"2007-05-03",0.199853507330339
"2007-05-04",-0.0663570030984495
"2007-05-07",0.0596401727363194
"2007-05-08",0.185775000350841
"2007-05-09",0.486731752435965
"2007-05-10",-0.939724999973901
"2007-05-11",0.711936205087849
"2007-05-14",-0.212328392424066
"2007-05-15",-0.225838687817248
"2007-05-16",0.542329371578631
"2007-05-17",0.0165111863662304
"2007-05-18",0.367888997239074
"2007-05-22",-0.0720579114734221
"2007-05-23",-0.370085738529458
"2007-05-24",-0.988475923254217
"2007-05-25",0.23074144133437
"2007-05-29",0.108533006328937
"2007-05-30",1.24657171237548
"2007-05-31",-0.195439801623287
"2007-06-01",0.0454737396993643
"2007-06-04",0.454871146248337
"2007-06-05",-0.205074859065579
"2007-06-06",-0.531131375481309
"2007-06-07",-1.46211151213649
"2007-06-08",1.07166466438882
"2007-06-11",0.248151400357077
"2007-06-12",-0.659233284736249
"2007-06-13",1.00200907803298
"2007-06-14",0.413399978491658
"2007-06-15",-0.150184493931338
"2007-06-18",-0.313459409016659
"2007-06-19",0.372756537946017
"2007-06-20",-1.68115333176724
"2007-06-21",0.600562768600543
"2007-06-22",-0.828560071027962
"2007-06-25",-0.433521871487308
"2007-06-26",-0.755174504769496
"2007-06-27",1.53952170499077
"2007-06-28",0.0199474717241799
"2007-06-29",-0.511816066257786
"2007-07-02",0.621120009264065
"2007-07-05",0
"2007-07-06",0.379904825822841
"2007-07-09",-0.075088559052805
"2007-07-10",-0.943372104913287
"2007-07-11",0.71386382868015
"2007-07-12",1.53698890203176
"2007-07-13",0.332617812672886
"2007-07-16",-0.0451802376421284
"2007-07-17",-0.0968210500034594
"2007-07-18",0.178054078345902
"2007-07-19",0.0064430913974789
"2007-07-20",-1.00581620799689
"2007-07-23",-0.14269964152076
"2007-07-24",-1.30815341226151
"2007-07-25",-0.210664989036147
"2007-07-26",-1.11807812885925
"2007-07-27",-1.54346086313497
"2007-07-30",0.920848224516835
"2007-07-31",-1.9883536718126
"2007-08-01",0.986782488081417
"2007-08-02",0.360458784547735
"2007-08-03",-2.70500680054466
"2007-08-06",1.75268241344932
"2007-08-07",1.21254891622877
"2007-08-08",0.985626001775941
"2007-08-09",-1.2213996471516
"2007-08-10",0.876623387712527
"2007-08-13",-0.684887274103474
"2007-08-14",-2.05234964896439
"2007-08-15",-1.26941055781558
"2007-08-16",1.36404501975615
"2007-08-17",-0.57184350944457
"2007-08-20",-0.282846589176433
"2007-08-21",0.248670432763021
"2007-08-22",0.461231791887595
"2007-08-23",-0.520595265484669
"2007-08-24",1.14038705316144
"2007-08-27",-0.651335500306072
"2007-08-28",-1.71144885346273
"2007-08-29",1.58717131658079
"2007-08-30",0.480127126932661
"2007-08-31",-0.12874811197392
"2007-09-04",1.18639746805274
"2007-09-05",-0.4192878260036
"2007-09-06",0.219435295586834
"2007-09-07",-0.437876999584752
"2007-09-10",-0.678015130335474
"2007-09-11",0.959615353801002
"2007-09-12",0.24754586302933
"2007-09-13",0.161409679269742
"2007-09-14",0.646771775589539
"2007-09-17",-0.121441115991061
"2007-09-18",2.35711208233473
"2007-09-19",-0.0325977119293164
"2007-09-20",-0.667367041165079
"2007-09-21",-0.275428071029005
"2007-09-24",-0.585585777052344
"2007-09-25",0.535627003834716
"2007-09-26",0.0722235020396589
"2007-09-27",0.0523149371074005
"2007-09-28",-0.235802820992248
"2007-10-01",1.23723659365931
"2007-10-02",-0.122957465741891
"2007-10-03",-0.00650173921750152
"2007-10-04",0.0259521184872824
"2007-10-05",0.366996516602036
"2007-10-08",-0.135235233283915
"2007-10-09",0.512821636691996
"2007-10-10",-0.0192252235524215
"2007-10-11",-1.01198583498503
"2007-10-12",0.385183759281293
"2007-10-15",-0.932152935812436
"2007-10-16",-0.441301254828197
"2007-10-17",-0.627772828288009
"2007-10-18",0.253848543253188
"2007-10-19",-2.08547121219862
"2007-10-22",1.16554160644142
"2007-10-23",0.402308869084678
"2007-10-24",0.224585602027627
"2007-10-25",-0.231015580777694
"2007-10-26",0.267510680522864
"2007-10-29",0.0454648791646584
"2007-10-30",-0.247977156569323
"2007-10-31",0.518236568284092
"2007-11-01",-1.66391001346495
"2007-11-02",-0.257740617848956
"2007-11-05",0.373557902216159
"2007-11-06",0.831852687509027
"2007-11-07",-1.90597005160482
"2007-11-08",-0.324873382179813
"2007-11-09",-0.165073288739492
"2007-11-12",-0.843770134953825
"2007-11-13",2.02095926864541
"2007-11-14",-1.43090994359758
"2007-11-15",-0.9994606746484
"2007-11-16",-0.19844670692919
"2007-11-19",-1.20491728510581
"2007-11-20",0.396040121609698
"2007-11-21",-0.880970195876518
"2007-11-23",0.620232658353892
"2007-11-26",-2.50718790174567
"2007-11-27",0.969040656513354
"2007-11-28",2.12065731167588
"2007-11-29",0.455953697464917
"2007-11-30",-0.416863375134557
"2007-12-03",-0.453055513426381
"2007-12-04",-0.0613852626444533
"2007-12-05",0.63346798528956
"2007-12-06",1.65822466703176
"2007-12-07",-0.450063636126963
"2007-12-10",0.504427161266285
"2007-12-11",-2.5294213260743
"2007-12-12",-1.57656428491109
"2007-12-13",0.645120172997782
"2007-12-14",-0.582539072017596
"2007-12-17",-1.0628550014907
"2007-12-18",-0.184988576613865
"2007-12-19",-0.219493880563437
"2007-12-20",-0.204512989681582
"2007-12-21",0.554880297691529
"2007-12-26",0.469389985408775
"2007-12-27",-0.998254613717542
"2007-12-28",-0.655208531296658
"2007-12-31",-0.49063130788003
"2008-01-02",-1.36388393106603
"2008-01-03",-0.317921340417548
"2008-01-04",-1.6956117362354
"2008-01-07",-0.232976913597494
"2008-01-08",-2.33177180841695
"2008-01-09",1.25104394643829
"2008-01-10",1.48845574949199
"2008-01-11",-0.519999747074795
"2008-01-14",0.212314304807837
"2008-01-15",-1.2891323966568
"2008-01-16",-0.167559140212337
"2008-01-17",-3.20559205007838
"2008-01-18",-1.27485791113049
"2008-01-22",3.57402862595775
"2008-01-23",4.99989129623755
"2008-01-24",0.531056860367052
"2008-01-25",-2.59388556957347
"2008-01-28",1.51151382965811
"2008-01-29",-0.0220450454652799
"2008-01-30",-0.17714796483812
"2008-01-31",2.94318088499423
"2008-02-01",1.10323071581151
"2008-02-04",-0.858560160037047
"2008-02-05",-1.58757043515276
"2008-02-06",-1.41411207614697
"2008-02-07",1.2786936165849
"2008-02-08",-0.0901036252580312
"2008-02-11",0.576759023639006
"2008-02-12",0.011116669457234
"2008-02-13",0.491293380490543
"2008-02-14",-1.44871453083004
"2008-02-15",0.382026687198067
"2008-02-19",-1.20713963994437
"2008-02-20",1.55127969698015
"2008-02-21",-1.61549635168532
"2008-02-22",0.465649978459393
"2008-02-25",1.30850181872582
"2008-02-26",1.16331106867911
"2008-02-27",0.413508514780325
"2008-02-28",-0.18232875269506
"2008-02-29",-1.70333992895548
"2008-03-03",0.195078093077328
"2008-03-04",0.516699559864353
"2008-03-05",0.194654549746076
"2008-03-06",-1.63012063355481
"2008-03-07",-0.00770920865349467
"2008-03-10",-1.51359275663223
"2008-03-11",1.28494449928098
"2008-03-12",-1.08305674886564
"2008-03-13",1.77807953735574
"2008-03-14",-2.69451099024751
"2008-03-17",1.36762329688045
"2008-03-18",2.06849061535124
"2008-03-19",-2.86236151080299
"2008-03-20",2.07762124721063
"2008-03-24",1.10782758916299
"2008-03-25",0.140787693218858
"2008-03-26",-0.462204490659079
"2008-03-27",-1.29759930560329
"2008-03-28",-1.26368447916807
"2008-03-31",0.524177900925693
"2008-04-01",2.35948965876478
"2008-04-02",-0.299609270853463
"2008-04-03",0.615973202287368
"2008-04-04",0.00730113532982912
"2008-04-07",-0.589242602586015
"2008-04-08",0.194377777446242
"2008-04-09",-0.893339029312568
"2008-04-10",0.375898728965751
"2008-04-11",-0.881326191569709
"2008-04-14",-0.285757451181734
"2008-04-15",-0.052416789548726
"2008-04-16",1.24105899617994
"2008-04-17",0.337639780536048
"2008-04-18",0.0143936668114186
"2008-04-21",0.389835896530411
"2008-04-22",-0.355214408078375
"2008-04-23",-0.101441933197233
"2008-04-24",0.512877203263074
"2008-04-25",0.257898273181834
"2008-04-28",-0.207520916006754
"2008-04-29",-0.211853074801471
"2008-04-30",-0.648183760219023
"2008-05-01",1.82597891327543
"2008-05-02",-0.697996981982563
"2008-05-05",-0.283889473842525
"2008-05-06",1.2914392216901
"2008-05-07",-1.84940188192817
"2008-05-08",0.0643799872016793
"2008-05-09",0.237812240496726
"2008-05-12",0.886670092162412
"2008-05-13",-0.277372959739175
"2008-05-14",-0.0921757075934337
"2008-05-15",1.02984616190902
"2008-05-16",-0.133085860010329
"2008-05-19",0.0140036409695732
"2008-05-20",-0.443803341937254
"2008-05-21",-1.7856982157717
"2008-05-22",0.121868182400853
"2008-05-23",-0.859490322246792
"2008-05-27",0.65080857374813
"2008-05-28",0.150791684767704
"2008-05-29",0.648364351072583
"2008-05-30",-0.220947312007791
"2008-06-02",-0.717775117240116
"2008-06-03",-0.951907382555195
"2008-06-04",0.188528806475219
"2008-06-05",1.49710901217412
"2008-06-06",-2.30528512413883
"2008-06-09",-0.138944773532668
"2008-06-10",0.345753829566053
"2008-06-11",-1.48205750878621
"2008-06-12",-0.0966435045298475
"2008-06-13",0.902151014129338
"2008-06-16",0.647203847710465
"2008-06-17",-1.15939073849498
"2008-06-18",-0.282507064703363
"2008-06-19",0.401666710809678
"2008-06-20",-0.960564054797075
"2008-06-23",-0.326165571516857
"2008-06-24",0.121988426228725
"2008-06-25",0.197178889912752
"2008-06-26",-1.84710997457467
"2008-06-27",-0.382678431781436
"2008-06-30",-0.0899579605007972
"2008-07-01",1.45163206593866
"2008-07-02",-2.16597967740677
"2008-07-07",-1.34208883609954
"2008-07-08",1.82356595285951
"2008-07-09",-2.42926925690448
"2008-07-10",0.752545381638559
"2008-07-11",0.0645109287754408
"2008-07-14",-2.01554710850402
"2008-07-15",-0.304239021006936
"2008-07-16",2.41504602322831
"2008-07-17",0.605386586841128
"2008-07-18",-0.182445614404436
"2008-07-21",-0.411849148597021
"2008-07-22",1.99357919544765
"2008-07-23",0.257701911388253
"2008-07-24",-2.31725374811909
"2008-07-25",-0.151015408424193
"2008-07-28",-1.56187303652908
"2008-07-29",1.83022091768157
"2008-07-30",1.11173148464836
"2008-07-31",-0.464147472140386
"2008-08-01",-0.813429954047962
"2008-08-04",-0.900440364122623
"2008-08-05",1.87861685165016
"2008-08-06",0.832268639450895
"2008-08-07",-0.863359887556658
"2008-08-08",2.38078606246095
"2008-08-11",0.907279789606541
"2008-08-12",-0.778274011217661
"2008-08-13",0.0465874688137191
"2008-08-14",1.30568420555655
"2008-08-15",0.0846186442275965
"2008-08-18",-1.70865032814396
"2008-08-19",-0.337984208556463
"2008-08-20",0.258712072488532
"2008-08-21",0.953864860198994
"2008-08-22",0.642989394269389
"2008-08-25",-1.35216410066814
"2008-08-26",0.28290785077445
"2008-08-27",0.703072968778962
"2008-08-28",0.847854624263
"2008-08-29",-0.735268975587733
